slug,name,venue_name,address_line,suburb,city,postcode,latitude,longitude,phone,email,directions,blurb,who_trains,instructor_name,instructor_grade,publish,country,timezone
whanganui,Whanganui,,151 St Hill Street,,Whanganui,4500,,,+64 21 345 718,peter@ethan.co.nz,,,,Russell Dilloway,5th dan,yes
far-north,Far North,,,,Kaitaia,,,,,,,,,,,no
rawene,Rawene,Rawene Town Hall,9 Parnell Street,,Rawene,,,,+64 27 362 8089,rawenekyokushinkarate@gmail.com,,,,Richard Hood,3rd dan,yes
kohukohu,Kohukohu,Kohukohu Town Hall,25 Beach Road,,Kohukohu,,,,+64 27 362 8089,rawenekyokushinkarate@gmail.com,,,,Richard Hood,3rd dan,yes
auckland,Auckland,Kelston Girls College,1 Archibald Road,Kelston,Auckland,,,,+64 21 0868 9169,misha.sharma20@icloud.com,,,,Misha Sharma,1st dan,yes
gisborne,Gisborne,Te Hapara School Hall,31 Mill Road,,Gisborne,4010,,,+64 27 2186 412,shanekingi37@gmail.com,,,,Shane Kingi,3rd dan,yes
taranaki,Inglewood,Old BNZ Bank (ground floor),22 Matai Street,,Inglewood,4330,,,+64 27 200 6438,les@completeautomation.co.nz,,,,Les Crowe,5th dan,yes
stratford,Stratford,Stratford Senior Citizens Hall,107 Regan Street,,Stratford,4332,,,+64 27 271 3010,stratfordkyokushinkarate@yahoo.com,,,,Elaine Rowe,1st dan,yes
new-plymouth,New Plymouth,The Dance Centre,306 St Aubyn Street,,New Plymouth,,,,+64 27 327 1152,npkyokushinkarate@gmail.com,,,,Craig Rowe,1st dan,yes
hawera,Hawera,Fowler Fitness Gym,Cnr Wellington and Union Street,,Hawera,,,,+64 27 389 1951,nmpotaka@xtra.co.nz,,,,Nick Potaka,1st dan,yes
taumarunui,Taumarunui,,4 Marae Street,,Taumarunui,3920,,,+64 21 0297 7149,vtnutter@gmail.com,,,,Vincent Nutter,3rd dan,yes
napier,Napier,Mahoe Girl Guide Hall,23 Auckland Road,Greenmeadows,Napier,,,,+64 27 544 9451,chisana.dojo.nz@gmail.com,,,,Angela Marshall,2nd dan,yes
carterton,Carterton,Parkvale Deerstalkers Hall,10 Kokotau Road,,Carterton,,,,+64 21 247 3446,cartertonkyokushinkaratedojo@gmail.com,,,,Alex Terris,7th dan,yes
wellington,Wellington,Toitu Hub,49 Kilbirnie Crescent,Kilbirnie,Wellington,6022,,,+64 27 564 7822,kenworthydojo@gmail.com,,,,Michael Kenworthy,7th dan,yes
christchurch,Christchurch,Kaikan Dojo,89A Sparks Road,Hoon Hay,Christchurch,8025,,,+64 27 476 2243,robert.engelken@gmail.com,,,,Rob Engelken,4th dan,yes
hornby,Hornby,Webster Dojo,442 Main South Road,Hornby,Christchurch,8042,,,+64 21 031 1606,sensei@websterdojo.co.nz,,,,Mark Webster,4th dan,yes
dunedin,Dunedin,Centre City Martial Arts,121 Crawford Street,,Dunedin,9016,,,+64 21 472 778,centrecitymartialarts@hotmail.com,,,,Graeme Gavegan,7th dan,yes
waikouaiti,Waikouaiti,Waikouaiti Church Hall,Kildare Street,,Waikouaiti,9510,,,+64 27 283 5043,noah.heath@slingshot.co.nz,,,,Noah Heath,4th dan,yes
milton,Milton,Milton Coronation Hall,93 Union Street,,Milton,9220,,,+64 27 300 9153,kelvmcskimming@gmail.com,,,,Kelvin McSkimming,5th dan,yes
japan,Japan Branch,,,,,,,,,,,,,,,no
nagoya,Nagoya,Nagoya City Higashi Sports Center,1-1-1 Daikominami,Higashi ward,Nagoya,461-0047,,,+81 90 1724 2288,socjpn@icloud.com,,,,Sean O'Connell,6th dan,yes,JP,Asia/Tokyo
