slug,first_name,last_name,dan,distinct
whanganui,Russell,Dilloway,5,
whanganui,Pete,Parson,4,
whanganui,Ryan,Trevor-Roper,3,
whanganui,Pete,Shaw,3,
whanganui,Richard,Benson,3,
whanganui,Brian,Alderton,3,
whanganui,Jessica,Shaw,2,
whanganui,Sotiris,Grammaticogiannis,2,
whanganui,Chris,Sheahon,2,
whanganui,Tim,Sullivan,2,
wellington,Doug,Holloway,8,
wellington,Mike,Kenworthy,7,
wellington,Penina,Kenworthy,6,
taumarunui,Vincent,Nutter,3,
christchurch,Rob,Engelken,4,
christchurch,Hiroshi,Nakano,3,
christchurch,Arthur,Bruce,2,
christchurch,Sean,O'Connell,1,yes
christchurch,Alex,Odering,1,
christchurch,Nyetching,Engelken,1,
hornby,Mark,Webster,4,
hornby,Patricio,Ogalde,1,
dunedin,Graeme,Gavegan,7,
dunedin,Kevin,Strange,5,
dunedin,Margaret,Strange,4,
waikouaiti,Noah,Heath,4,
waikouaiti,Shelley,Heatley,2,
waikouaiti,Danyon,McKean,2,
milton,Kelvin,McSkimming,5,
milton,Mark,Byrnes,1,
nagoya,Sean,O'Connell,6,yes
rawene,Richard,Hood,3,
rawene,Tracey,Hood,1,
auckland,Misha,Sharma,1,
auckland,Yvette,Messina,1,
gisborne,Shane,Kingi,3,
taranaki,Les,Crowe,5,
taranaki,Aaron,Smith,1,
stratford,Elaine,Rowe,1,
stratford,Craig,Rowe,1,
new-plymouth,Craig,Rowe,1,
new-plymouth,Elaine,Rowe,1,
kohukohu,Richard,Hood,3,
kohukohu,Tracey,Hood,1,
hawera,Nick,Potaka,1,
hawera,Natasha,Potaka,1,
hawera,Matthew,Levings,1,
napier,Angela,Marshall,2,
napier,Kerry,Winter,2,
carterton,Alex,Terris,7,
