slug,label,weekday,starts,ends,min_age,max_age
whanganui,Kids beginners,Monday,17:15,18:15,,
whanganui,Kids,Tuesday,17:15,18:15,,
whanganui,Kids,Thursday,17:15,18:15,,
whanganui,Adults,Tuesday,18:20,20:00,,
whanganui,Adults,Thursday,18:20,20:00,,
wellington,"Juniors and Seniors",Monday,18:30,20:00,,
wellington,"Juniors and Seniors",Wednesday,18:30,20:00,,
taumarunui,"Juniors, 7-12 years",Monday,16:30,17:30,7,12
taumarunui,"Juniors, 7-12 years",Wednesday,16:30,17:30,7,12
taumarunui,"Juniors, 7-12 years",Friday,16:30,17:30,7,12
taumarunui,"Seniors, 13 and over",Monday,17:45,19:15,13,
taumarunui,"Seniors, 13 and over",Wednesday,17:45,19:15,13,
taumarunui,"Seniors, 13 and over",Friday,17:45,19:15,13,
christchurch,"Juniors, 8-12 years",Tuesday,18:00,19:00,8,12
christchurch,"Juniors, 8-12 years",Thursday,18:00,19:00,8,12
christchurch,"Adults, 13 and over",Tuesday,18:00,20:00,13,
christchurch,"Adults, 13 and over",Thursday,18:00,20:00,13,
hornby,Beginners,Monday,18:30,19:00,,
hornby,Seniors,Monday,18:30,20:30,,
hornby,Juniors,Tuesday,18:30,19:30,,
hornby,Combined class,Wednesday,18:30,20:30,,
hornby,"Fight class, by arrangement",Friday,18:00,19:00,,
dunedin,"Kids and family, beginners always welcome",Monday,17:45,18:45,,
dunedin,Adult beginners,Tuesday,19:00,19:30,,
dunedin,Adult graded,Tuesday,19:00,20:30,,
dunedin,Adult graded,Thursday,19:00,20:30,,
dunedin,Adult kyu grades,Thursday,18:00,19:00,,
waikouaiti,Training,Monday,18:00,20:00,,
waikouaiti,Training,Thursday,18:00,20:00,,
rawene,Training,Tuesday,16:30,18:30,,
rawene,Training,Thursday,16:30,18:30,,
auckland,"Kids and family",Tuesday,18:00,19:00,,
auckland,"Kids and family",Wednesday,18:00,19:00,,
gisborne,Training,Monday,17:30,19:00,,
gisborne,Training,Wednesday,17:30,18:30,,
taranaki,Kids,Tuesday,17:30,18:30,,
taranaki,Kids,Thursday,17:30,18:30,,
taranaki,Adults,Tuesday,18:30,20:00,,
taranaki,Adults,Thursday,18:30,20:00,,
stratford,Juniors,Monday,17:30,18:30,,
stratford,Juniors,Wednesday,17:30,18:30,,
stratford,Seniors,Monday,18:30,20:00,,
stratford,Seniors,Wednesday,18:30,20:00,,
new-plymouth,Juniors,Tuesday,17:00,17:45,,
new-plymouth,Juniors,Thursday,17:00,17:45,,
new-plymouth,"Seniors, 13 and over",Tuesday,18:00,19:30,13,
new-plymouth,"Seniors, 13 and over",Thursday,18:00,19:30,13,
milton,Kids,Monday,17:30,19:00,,
milton,Kids,Wednesday,17:30,19:00,,
milton,Adults,Monday,18:30,20:00,,
milton,Adults,Wednesday,18:30,20:00,,
kohukohu,Training,Monday,17:00,18:30,,
kohukohu,Training,Wednesday,17:00,18:30,,
hawera,Juniors,Tuesday,17:00,18:00,,
hawera,Juniors,Thursday,17:00,18:00,,
hawera,Seniors,Tuesday,18:00,19:30,,
hawera,Seniors,Thursday,18:00,19:30,,
napier,Combined class,Tuesday,17:30,18:30,,
napier,Combined class,Thursday,17:30,18:30,,
napier,Higher grade combined,Tuesday,18:30,19:15,,
carterton,"Juniors, under 12",Monday,17:00,18:00,,11
carterton,"Juniors, under 12",Wednesday,17:00,18:00,,11
carterton,"Juniors, under 12",Friday,17:00,18:00,,11
carterton,"Adults, 13 and over",Monday,17:00,19:00,13,
carterton,"Adults, 13 and over",Wednesday,17:00,19:00,13,
carterton,"Adults, 13 and over",Friday,17:00,19:00,13,
